Serial number,Employee Name,Age,MaritalDesc,Date of Hire,Date of Termination,Leaves taken,Total leaves,Department,Position,PayRate,Zip,Manager Name,Days Employed,DeptID,Employee Number,MarriedID,MaritalStatusID,GenderID,EmpStatus_ID,Perf_ScoreID,State,DOB,Sex,CitizenDesc,Hispanic/Latino,RaceDesc,Reason For Term,Employment Status,Performance Score
1,Brown,32,Married,10/27/2008,,0,30,Admin Offices,Accountant I,28.5,1450,Brandon,3317,1,1103024456,1,1,0,1,3,MA,11/24/1987,Female,US Citizen,No,Black or African American,N/A - still employed,Active,Fully Meets
2,LaRotonda,33,Divorced,1/6/2014,,3,30,Admin Offices,Accountant I,23,1460,Brandon,1420,1,1106026572,0,2,1,1,3,MA,4/26/1984,Male,US Citizen,No,Black or African American,N/A - still employed,Active,Fully Meets
3,Steans,31,Single,9/29/2014,,14,30,Admin Offices,Accountant I,29,2703,Brandon,1154,1,1302053333,0,0,1,1,3,MA,9/1/1986,Male,US Citizen,No,White,N/A - still employed,Active,Fully Meets
4,Howard,32,Married,2/16/2015,4/15/2015,4,30,Admin Offices,Administrative Assistant,21.5,2170,Brandon,58,1,1211050782,1,1,0,1,9,MA,9/16/1985,Female,US Citizen,No,White,N/A - still employed,Active,N/A- too early to review
5,Singh,29,Single,5/1/2015,,16,30,Admin Offices,Administrative Assistant,16.56,2330,Brandon,940,1,1307059817,0,0,0,1,9,MA,5/19/1988,Female,US Citizen,No,White,N/A - still employed,Active,N/A- too early to review
6,Smith,30,Married,9/26/2011,9/25/2013,12,30,Admin Offices,Administrative Assistant,20.5,1844,Brandon,730,1,711007713,1,1,0,5,3,MA,6/14/1987,Female,US Citizen,No,Asian,career change,Voluntarily Terminated,Fully Meets
7,LeBlanc,33,Married,1/5/2016,,19,30,Admin Offices,Shared Services Manager,55,1460,Janet,691,1,1102024115,1,1,1,1,3,MA,6/10/1984,Male,US Citizen,No,White,N/A - still employed,Active,Fully Meets
8,Quinn,33,Married,2/21/2011,8/15/2015,27,30,Admin Offices,Shared Services Manager,55,2045,Janet,1636,1,1206043417,1,1,1,5,3,MA,11/6/1984,Male,Eligible NonCitizen,No,Black or African American,career change,Voluntarily Terminated,Fully Meets
9,Boutwell,30,Married,2/16/2015,,4,30,Admin Offices,Sr. Accountant,34.95,2468,Brandon,1014,1,1307060188,1,1,0,1,0,MA,4/4/1987,Female,US Citizen,No,Asian,N/A - still employed,Active,90-day meets
10,Foster-Baker,38,Married,1/5/2009,,2,30,Admin Offices,Sr. Accountant,34.95,2050,Board,3247,1,1201031308,1,1,0,1,3,MA,4/16/1979,Female,US Citizen,no,White,N/A - still employed,Active,Fully Meets
11,King,63,Married,7/2/2012,,26,30,Executive Office,President & CEO,80,1902,Board,1973,2,1001495124,1,1,0,1,3,MA,9/21/1954,Female,US Citizen,Yes,White,N/A - still employed,Active,Fully Meets
12,Zamora,38,Single,4/10/2010,,2,30,IT/IS,CIO,65,2067,Janet,2787,3,1112030816,0,0,0,1,5,MA,8/30/1979,Female,US Citizen,No,White,N/A - still employed,Active,Exceptional
13,Becker,31,Single,7/7/2014,9/12/2015,8,30,IT/IS,Database Administrator,43,2026,Simon,432,3,1102024056,0,0,0,4,3,MA,4/4/1986,Female,US Citizen,Yes,White,performance,Terminated for Cause,Fully Meets
14,Goble,46,Single,2/16/2015,3/15/2015,27,30,IT/IS,Database Administrator,48.5,2127,Simon,27,3,905013738,0,0,0,4,3,MA,10/23/1971,Female,US Citizen,No,White,"no-call, no-show",Terminated for Cause,Fully Meets
15,Hernandez,31,Married,2/16/2015,2/22/2015,4,30,IT/IS,Database Administrator,40.1,1960,Simon,6,3,1410071156,1,1,1,4,9,MA,8/7/1986,Male,US Citizen,No,Black or African American,"no-call, no-show",Terminated for Cause,N/A- too early to review
16,Horton,33,Single,3/30/2015,,12,30,IT/IS,Database Administrator,34,2493,Simon,972,3,1105025718,0,0,0,1,9,MA,2/21/1984,Female,US Citizen,No,White,N/A - still employed,Active,N/A- too early to review
17,Johnson,31,Married,1/5/2015,,1,30,IT/IS,Database Administrator,40,2301,Simon,1056,3,1003018246,1,1,0,3,0,MA,11/7/1986,Female,US Citizen,No,Asian,N/A - still employed,Leave of Absence,90-day meets
18,Murray,29,Divorced,11/10/2014,,7,30,IT/IS,Database Administrator,35.5,78230,Simon,1112,3,1406068403,0,2,1,1,5,TX,7/4/1988,Male,US Citizen,No,Black or African American,N/A - still employed,Active,Exceptional
19,Pearson,33,Married,12/1/2014,5/1/2016,16,30,IT/IS,Database Administrator,41,2747,Simon,517,3,1102023965,1,1,1,5,3,MA,9/5/1984,Male,US Citizen,No,White,performance,Voluntarily Terminated,Fully Meets
20,Petrowsky,33,Married,11/10/2014,,1,30,IT/IS,Database Administrator,42.75,1886,Simon,1112,3,1108027853,1,1,0,1,5,MA,9/16/1984,Female,US Citizen,No,Asian,N/A - still employed,Active,Exceptional
21,Roby,36,Married,2/16/2015,,25,30,IT/IS,Database Administrator,39.55,1886,Simon,1014,3,1407068885,1,1,0,1,3,MA,10/11/1981,Female,US Citizen,No,White,N/A - still employed,Active,Fully Meets
22,Rogers,31,Married,3/30/2015,,16,30,IT/IS,Database Administrator,42.2,1810,Simon,972,3,1203032255,1,1,1,1,9,MA,8/26/1986,Male,US Citizen,No,White,N/A - still employed,Active,N/A- too early to review
23,Salter,30,Divorced,1/5/2015,10/31/2015,27,30,IT/IS,Database Administrator,45,2452,Simon,299,3,1111030148,0,2,1,5,0,MA,12/17/1987,Male,US Citizen,No,Black or African American,hours,Voluntarily Terminated,90-day meets
24,Simard,47,Married,1/5/2015,,3,30,IT/IS,Database Administrator,30.2,2110,Simon,1056,3,808010278,1,1,1,1,0,MA,2/8/1970,Male,US Citizen,Yes,White,N/A - still employed,Active,90-day meets
25,Zhou,38,Single,3/30/2015,,15,30,IT/IS,Database Administrator,31.4,2148,Simon,972,3,1110029732,0,0,0,1,0,MA,2/24/1979,Female,US Citizen,No,White,N/A - still employed,Active,90-day meets
26,Foss,37,Single,4/15/2011,,30,30,IT/IS,IT Director,65,1460,Jennifer,2417,3,1192991000,0,0,1,1,5,MA,7/5/1980,Male,US Citizen,No,Black or African American,N/A - still employed,Active,Exceptional
27,Roup,44,Single,1/20/2013,,2,30,IT/IS,IT Manager - DB,62,2481,Jennifer,1771,3,1106026933,0,0,1,1,3,MA,4/5/1973,Male,US Citizen,No,White,N/A - still employed,Active,Fully Meets
28,Ruiz,54,Divorced,1/9/2012,11/4/2015,12,30,IT/IS,IT Manager - DB,21,1915,Jennifer,1395,3,1001175250,0,2,1,5,3,MA,1/4/1964,Male,US Citizen,No,Two or more races,hours,Voluntarily Terminated,Fully Meets
29,Monroe,31,Married,2/15/2012,,17,30,IT/IS,IT Manager - Infra,63,2134,Jennifer,2111,3,1011022863,1,1,1,1,2,MA,10/5/1986,Male,Eligible NonCitizen,Yes,Hispanic,N/A - still employed,Active,Needs Improvement
30,Dougall,47,Single,1/5/2014,,4,30,IT/IS,IT Manager - Support,64,1886,Jennifer,1421,3,1101023754,0,0,1,1,4,MA,7/9/1970,Male,US Citizen,No,White,N/A - still employed,Active,Exceeds
31,Clayton,32,Single,9/5/2012,,14,30,IT/IS,IT Support,28.99,2170,Eric,1908,3,1301052902,0,0,1,1,3,MA,9/5/1985,Male,US Citizen,No,White,N/A - still employed,Active,Fully Meets
32,Galia,49,Single,5/1/2010,,8,30,IT/IS,IT Support,31.4,6040,Eric,2766,3,1501072093,0,0,0,1,3,CT,7/6/1968,Female,US Citizen,No,White,N/A - still employed,Active,Fully Meets
33,Lindsay,29,Single,1/21/2011,,3,30,IT/IS,IT Support,26,6070,Eric,2501,3,602000312,0,0,0,1,4,CT,10/5/1988,Female,US Citizen,Yes,Two or more races,N/A - still employed,Active,Exceeds
34,Soto,44,Married,6/10/2011,,2,30,IT/IS,IT Support,27.49,2360,Eric,2361,3,1203032263,1,1,0,1,3,MA,3/12/1973,Female,US Citizen,No,Black or African American,N/A - still employed,Active,Fully Meets
35,Bacong,30,Divorced,1/5/2015,,25,30,IT/IS,Network Engineer,45,1886,Peter,1056,3,1212052023,0,2,1,1,0,MA,1/7/1988,Male,US Citizen,No,White,N/A - still employed,Active,90-day meets
36,Cisco,28,Married,3/30/2015,,26,30,IT/IS,Network Engineer,42,2135,Peter,972,3,1102024173,1,1,1,1,9,MA,11/24/1989,Male,US Citizen,Yes,White,N/A - still employed,Active,N/A- too early to review
37,Dolan,29,Married,1/5/2015,,23,30,IT/IS,Network Engineer,37,2119,Peter,1056,3,1101023540,1,1,0,1,0,MA,7/18/1988,Female,US Citizen,No,White,N/A - still employed,Active,90-day meets
38,Gonzalez,36,Separated,1/5/2015,,6,30,IT/IS,Network Engineer,39,2472,Peter,1056,3,1988299991,0,3,0,1,3,MA,4/16/1981,Female,US Citizen,Yes,White,N/A - still employed,Active,Fully Meets
39,Merlos,30,Single,3/30/2015,,16,30,IT/IS,Network Engineer,43,2138,Peter,972,3,1012023013,0,0,1,1,9,MA,6/18/1987,Male,US Citizen,No,White,N/A - still employed,Active,N/A- too early to review
40,Morway,38,Married,2/16/2015,,2,30,IT/IS,Network Engineer,27,2048,Peter,1014,3,1001956578,1,1,0,1,3,MA,4/4/1979,Female,US Citizen,No,White,N/A - still employed,Active,Fully Meets
41,Shepard,36,Married,9/30/2014,,7,30,IT/IS,Network Engineer,47,1773,Peter,1153,3,906014183,1,1,0,1,3,MA,4/14/1981,Female,US Citizen,No,White,N/A - still employed,Active,Fully Meets
42,Tredinnick,29,Married,1/5/2015,5/12/2015,22,30,IT/IS,Network Engineer,28,1420,Peter,127,3,1104025466,1,1,1,5,3,MA,5/5/1988,Male,US Citizen,No,White,medical issues,Voluntarily Terminated,Fully Meets
43,Turpin,48,Married,3/30/2015,,27,30,IT/IS,Network Engineer,49.1,2343,Peter,972,3,1411071506,1,1,1,1,9,MA,3/31/1969,Male,Eligible NonCitizen,No,White,N/A - still employed,Active,N/A- too early to review
44,Ait Sidi,42,Married,3/30/2015,6/16/2016,16,30,IT/IS,Sr. DBA,62,2148,Simon,444,3,1307060199,1,1,1,5,3,MA,5/5/1975,Male,US Citizen,No,White,career change,Voluntarily Terminated,Fully Meets
45,Carr,31,Single,6/30/2016,,1,30,IT/IS,Sr. DBA,61.3,1886,Simon,514,3,1010022337,0,0,0,2,9,MA,6/6/1986,Female,US Citizen,No,Black or African American,N/A - Has not started yet,Future Start,N/A- too early to review
46,Favis,53,Single,2/17/2014,2/19/2016,2,30,IT/IS,Sr. DBA,58.2,6033,Simon,732,3,1412071562,0,0,1,4,3,CT,7/30/1964,Male,US Citizen,No,Black or African American,hours,Terminated for Cause,Fully Meets
47,Roehrich,44,Single,1/5/2015,11/10/2015,6,30,IT/IS,Sr. DBA,58.5,2703,Simon,309,3,1111030266,0,0,0,5,0,MA,5/27/1973,Female,US Citizen,Yes,White,Another position,Voluntarily Terminated,90-day meets
48,Daniele,66,Married,11/10/2014,,22,30,IT/IS,Sr. Network Engineer,54.1,6033,Peter,1112,3,1411071312,1,1,0,3,3,CT,1/18/1952,Female,US Citizen,No,White,N/A - still employed,Leave of Absence,Fully Meets
49,Lajiri,31,Married,11/10/2014,,16,30,IT/IS,Sr. Network Engineer,56.2,2169,Peter,1112,3,1108028108,1,1,1,3,3,MA,4/23/1986,Male,US Citizen,No,White,N/A - still employed,Leave of Absence,Fully Meets
50,Semizoglou,34,Married,6/30/2016,,0,30,IT/IS,Sr. Network Engineer,53.8,1545,Peter,514,3,904013591,1,1,1,2,9,MA,2/9/1983,Male,US Citizen,No,Asian,N/A - Has not started yet,Future Start,N/A- too early to review
51,South,52,Single,11/10/2014,,5,30,IT/IS,Sr. Network Engineer,53,6278,Peter,1112,3,1308060959,0,0,1,1,0,CT,9/9/1965,Male,US Citizen,No,White,N/A - still employed,Active,90-day meets
52,Warfield,39,widowed,3/30/2015,,11,30,IT/IS,Sr. Network Engineer,55.2,2453,Peter,972,3,1301052347,0,4,0,1,9,MA,5/2/1978,Female,US Citizen,No,Asian,N/A - still employed,Active,N/A- too early to review
53,Bramante,34,Single,1/5/2009,,2,30,Production       ,Director of Operations,60,2030,Janet,3247,5,1006020066,0,0,0,1,4,MA,3/19/1983,Female,US Citizen,No,Black or African American,N/A - still employed,Active,Exceeds
54,Albert,49,Divorced,8/1/2011,,21,30,Production       ,Production Manager,54.5,2169,Janet,2309,5,1501072311,0,2,1,1,3,MA,10/10/1968,Male,US Citizen,No,White,N/A - still employed,Active,Fully Meets
55,Bozzi,47,Single,9/30/2013,8/7/2014,9,30,Production       ,Production Manager,50.5,1901,Janet,311,5,1303054580,0,0,1,5,3,MA,3/10/1970,Male,US Citizen,No,Asian,retiring,Voluntarily Terminated,Fully Meets
56,Butler,34,Single,1/28/2016,,15,30,Production       ,Production Manager,55,2169,Janet,668,5,1110029990,0,0,1,1,4,MA,8/9/1983,Male,US Citizen,No,White,N/A - still employed,Active,Exceeds
57,Dunn,44,Single,9/18/2014,,25,30,Production       ,Production Manager,51,1731,Janet,1165,5,1409070147,0,0,0,1,3,MA,11/28/1973,Female,US Citizen,No,White,N/A - still employed,Active,Fully Meets
58,Gray,36,Divorced,6/2/2015,,10,30,Production       ,Production Manager,54,1752,Janet,908,5,1307060077,0,2,1,1,3,MA,7/11/1981,Male,US Citizen,No,White,N/A - still employed,Active,Fully Meets
59,Hogland,45,Married,1/10/2011,12/12/2015,26,30,Production       ,Production Manager,48.5,1890,Janet,1797,5,1001944783,1,1,1,4,3,MA,7/1/1972,Male,US Citizen,No,White,attendance,Terminated for Cause,Fully Meets
60,Immediato,41,Married,2/21/2011,9/24/2012,13,30,Production       ,Production Manager,42,2128,Janet,581,5,1403065874,1,1,1,5,2,MA,11/15/1976,Male,US Citizen,No,Asian,unhappy,Voluntarily Terminated,Needs Improvement
61,Liebig,36,Married,9/30/2013,,14,30,Production       ,Production Manager,55,2110,Janet,1518,5,1103024679,1,1,0,1,4,MA,10/26/1981,Female,US Citizen,No,White,N/A - still employed,Active,Exceeds
62,Miller,36,Single,8/16/2012,,2,30,Production       ,Production Manager,53,2045,Janet,1928,5,1107027351,0,0,1,1,3,MA,8/10/1981,Male,US Citizen,yes,Hispanic,N/A - still employed,Active,Fully Meets
63,Peterson,40,Married,10/25/2010,5/18/2016,19,30,Production       ,Production Manager,38.5,2030,Janet,2032,5,1402065355,1,1,0,5,3,MA,5/9/1977,Female,US Citizen,No,White,Another position,Voluntarily Terminated,Fully Meets
64,Spirea,42,Married,10/2/2012,,0,30,Production       ,Production Manager,52,2451,Janet,1881,5,1102024149,1,1,0,1,3,MA,9/30/1975,Female,US Citizen,No,White,N/A - still employed,Active,Fully Meets
65,Stanley,42,Divorced,7/20/2010,,5,30,Production       ,Production Manager,53,1803,Janet,2686,5,1000974650,0,2,1,1,2,MA,12/17/1975,Male,US Citizen,No,White,N/A - still employed,Active,Needs Improvement
66,Sullivan,39,Married,1/8/2009,,5,30,Production       ,Production Manager,55,1776,Janet,3244,5,1405067298,1,1,0,1,3,MA,3/28/1978,Female,US Citizen,No,Black or African American,N/A - still employed,Active,Fully Meets
67,Wallace,62,Married,9/26/2011,1/2/2012,18,30,Production       ,Production Manager,33.5,2478,Janet,98,5,1410071026,1,1,0,5,3,MA,11/14/1955,Female,US Citizen,No,Black or African American,Another position,Voluntarily Terminated,Fully Meets
68,Adinolfi,34,Single,7/5/2011,,5,30,Production       ,Production Technician I,20,1960,Michael,2336,5,1409070522,0,0,1,1,4,MA,7/10/1983,Male,US Citizen,No,White,N/A - still employed,Active,Exceeds
69,Alagbe,29,Married,1/7/2008,,25,30,Production       ,Production Technician I,21,1886,Elijiah,3611,5,1011022883,1,1,0,1,3,MA,9/27/1988,Female,US Citizen,No,White,N/A - still employed,Active,Fully Meets
70,Anderson,28,Divorced,7/11/2011,9/6/2011,10,30,Production       ,Production Technician I,16,2169,Webster,57,5,1001417624,0,2,0,5,9,MA,9/8/1989,Female,US Citizen,No,White,return to school,Voluntarily Terminated,N/A- too early to review
71,Anderson,40,Single,1/9/2012,,15,30,Production       ,Production Technician I,23,1844,Amy,2148,5,1304055947,0,0,0,1,5,MA,5/22/1977,Female,US Citizen,No,White,N/A - still employed,Active,Exceptional
72,Athwal,34,widowed,9/30/2013,,28,30,Production       ,Production Technician I,22,2199,Ketsia,1518,5,1301052124,0,4,1,1,9,MA,2/18/1983,Male,US Citizen,No,White,N/A - still employed,Active,N/A- too early to review
73,Bachiochi,47,Single,7/6/2009,,17,30,Production       ,Production Technician I,22,1902,Brannon,3065,5,1212051409,0,0,0,3,3,MA,2/11/1970,Female,US Citizen,No,Two or more races,N/A - still employed,Leave of Absence,Fully Meets
74,Baczenski,44,Married,1/10/2011,1/12/2011,5,30,Production       ,Production Technician I,17,1902,David,2,5,1307060083,1,1,0,5,9,MA,1/12/1974,Female,US Citizen,Yes,Hispanic,Another position,Voluntarily Terminated,N/A- too early to review
75,Barbara,43,Married,4/2/2012,9/19/2012,16,30,Production       ,Production Technician I,22,2062,Kissy,170,5,1312063507,1,1,1,5,0,MA,2/21/1974,Male,US Citizen,Yes,Asian,unhappy,Voluntarily Terminated,90-day meets
76,Barone,34,Single,2/20/2012,,17,30,Production       ,Production Technician I,16.76,1810,Kelley,2106,5,1101023679,0,0,1,1,3,MA,7/20/1983,Male,US Citizen,No,Two or more races,N/A - still employed,Active,Fully Meets
77,Barton,40,Divorced,9/24/2012,4/6/2013,15,30,Production       ,Production Technician I,18,2747,Michael,194,5,1212051962,0,2,1,5,3,MA,7/15/1977,Male,US Citizen,No,White,Another position,Voluntarily Terminated,Fully Meets
78,Beatrice,47,Single,4/4/2011,,4,30,Production       ,Production Technician I,22,1915,Elijiah,2428,5,1403066194,0,0,0,1,3,MA,10/27/1970,Female,Eligible NonCitizen,No,White,N/A - still employed,Active,Fully Meets
79,Becker,38,Single,7/8/2013,,8,30,Production       ,Production Technician I,17,2452,Webster,1602,5,1110029777,0,0,1,3,3,MA,4/6/1979,Male,US Citizen,No,Asian,N/A - still employed,Leave of Absence,Fully Meets
80,Bernstein,47,Single,4/2/2012,,19,30,Production       ,Production Technician I,16,2072,Amy,2064,5,1109029366,0,0,1,1,3,MA,12/22/1970,Male,US Citizen,Yes,White,N/A - still employed,Active,Fully Meets
81,Biden,59,Divorced,8/19/2013,,29,30,Production       ,Production Technician I,22,2027,Ketsia,1560,5,1412071844,0,2,0,1,3,MA,12/27/1958,Female,US Citizen,No,Asian,N/A - still employed,Active,Fully Meets
82,Billis,28,Married,7/7/2014,,15,30,Production       ,Production Technician I,16,2031,Brannon,1238,5,1308060366,1,1,0,1,4,MA,9/1/1989,Female,US Citizen,No,White,N/A - still employed,Active,Exceeds
83,Brill,27,Married,4/2/2012,6/15/2013,22,30,Production       ,Production Technician I,20,1701,David,439,5,1406068293,1,1,0,5,3,MA,8/24/1990,Female,US Citizen,No,White,Another position,Voluntarily Terminated,Fully Meets
84,Bugali,48,Separated,11/11/2013,,22,30,Production       ,Production Technician I,20,2043,Kissy,1476,5,1408069635,0,3,0,3,3,MA,10/30/1969,Female,US Citizen,No,Black or African American,N/A - still employed,Leave of Absence,Fully Meets
85,Carey,34,widowed,3/31/2014,,9,30,Production       ,Production Technician I,20,1701,Kelley,1336,5,1311063114,0,0,1,1,3,MA,2/2/1983,Male,US Citizen,No,Black or African American,N/A - still employed,Active,Fully Meets
86,Chace,67,Single,9/29/2014,,29,30,Production       ,Production Technician I,16,2763,Michael,1154,5,1208048062,0,0,0,1,3,MA,1/2/1951,Female,US Citizen,No,White,N/A - still employed,Active,Fully Meets
87,Chan,38,Single,5/12/2014,,12,30,Production       ,Production Technician I,19.5,2170,Elijiah,1294,5,1305057282,0,0,0,1,3,MA,2/12/1979,Female,US Citizen,No,White,N/A - still employed,Active,Fully Meets
88,Chang,34,Single,7/8/2013,,4,30,Production       ,Production Technician I,22,1845,Webster,1602,5,1111030129,0,0,1,1,3,MA,8/24/1983,Male,US Citizen,No,White,N/A - still employed,Active,Fully Meets
89,Chivukula,34,Single,6/27/2011,11/15/2015,26,30,Production       ,Production Technician I,21,1775,Amy,1602,5,1101023394,0,0,0,5,0,MA,8/27/1983,Female,US Citizen,No,White,relocation out of area,Voluntarily Terminated,90-day meets
90,Cierpiszewski,29,Single,10/3/2011,,8,30,Production       ,Production Technician I,22,2044,Ketsia,2246,5,1012023295,0,0,0,1,3,MA,5/31/1988,Female,Non-Citizen,No,Black or African American,N/A - still employed,Active,Fully Meets
91,Clukey,37,Married,7/6/2016,,22,30,Production       ,Production Technician I,24.75,2134,Brannon,508,5,1407069280,1,1,1,2,4,MA,8/26/1980,Male,US Citizen,No,White,N/A - Has not started yet,Future Start,Exceeds
92,Cockel,40,Single,7/8/2013,,18,30,Production       ,Production Technician I,15,2452,David,1602,5,1599991009,0,0,1,1,3,MA,9/8/1977,Male,US Citizen,No,White,N/A - still employed,Active,Fully Meets
93,Cole,38,Single,7/11/2011,9/23/2012,24,30,Production       ,Production Technician I,15,1880,Kissy,440,5,1001450968,0,0,1,4,2,MA,8/12/1979,Male,US Citizen,No,Black or African American,performance,Terminated for Cause,Needs Improvement
94,Cornett,40,Married,1/5/2015,,25,30,Production       ,Production Technician I,15.75,2189,Kelley,1056,5,1403066069,1,1,0,1,0,MA,3/31/1977,Female,US Citizen,Yes,White,N/A - still employed,Active,90-day meets
95,Crimmings,30,Single,7/6/2016,,5,30,Production       ,Production Technician I,19.75,1821,Michael,508,5,1311063172,0,0,0,2,9,MA,4/10/1987,Female,US Citizen,No,White,N/A - Has not started yet,Future Start,N/A- too early to review
96,Darson,39,Married,7/2/2012,,6,30,Production       ,Production Technician I,15,2110,Elijiah,1973,5,1001109612,1,1,0,1,3,MA,11/5/1978,Female,US Citizen,No,White,N/A - still employed,Active,Fully Meets
97,DeGweck,40,Married,5/16/2011,6/8/2015,30,30,Production       ,Production Technician I,23.5,1810,Webster,1484,5,1306058816,1,1,1,5,3,MA,10/31/1977,Male,US Citizen,No,White,unhappy,Voluntarily Terminated,Fully Meets
98,Desimone,50,Married,7/7/2014,,8,30,Production       ,Production Technician I,20,2061,Amy,1238,5,1501072124,1,1,1,1,1,MA,4/19/1967,Male,US Citizen,No,White,N/A - still employed,Active,PIP
99,Dickinson,35,Single,5/12/2014,,23,30,Production       ,Production Technician I,21,2180,Ketsia,1294,5,706006285,0,0,1,1,3,MA,11/15/1982,Male,US Citizen,No,White,N/A - still employed,Active,Fully Meets
100,DiNocco,39,Married,1/7/2013,,15,30,Production       ,Production Technician I,22,2351,Brannon,1784,5,1209048696,1,1,0,1,2,MA,12/2/1978,Female,US Citizen,No,Black or African American,N/A - still employed,Active,Needs Improvement
101,Dobrin,31,Single,4/2/2012,,10,30,Production       ,Production Technician I,16.75,2125,David,2064,5,1202031618,0,0,0,1,3,MA,10/7/1986,Female,US Citizen,Yes,White,N/A - still employed,Active,Fully Meets
102,Eaton,26,Married,4/4/2011,6/6/2013,14,30,Production       ,Production Technician I,17,2343,Kissy,794,5,1406067865,1,1,0,5,3,MA,9/5/1991,Female,US Citizen,No,White,military,Voluntarily Terminated,Fully Meets
103,Engdahl,43,Single,11/10/2014,,23,30,Production       ,Production Technician I,21.25,2026,Kelley,1112,5,1007020403,0,0,1,1,3,MA,5/31/1974,Male,US Citizen,No,White,N/A - still employed,Active,Fully Meets
104,England,39,Married,3/31/2014,,23,30,Production       ,Production Technician I,21,2045,Kelley,1336,5,1101023612,1,1,1,1,0,MA,8/25/1978,Male,US Citizen,No,White,N/A - still employed,Active,90-day meets
105,Estremera,34,Single,4/2/2012,9/27/2014,14,30,Production       ,Production Technician I,17,2129,Michael,908,5,1104025243,0,0,1,4,2,MA,9/2/1983,Male,US Citizen,No,White,attendance,Terminated for Cause,Needs Improvement
106,Evensen,28,Single,2/17/2014,2/25/2014,30,30,Production       ,Production Technician I,18,2458,Elijiah,8,5,1107027392,0,0,0,4,9,MA,5/6/1989,Female,US Citizen,No,White,"no-call, no-show",Terminated for Cause,N/A- too early to review
107,Ferguson,62,Married,11/7/2011,5/17/2014,6,30,Production       ,Production Technician I,20,2176,Webster,922,5,1502072511,1,1,0,5,3,MA,4/14/1955,Female,US Citizen,No,White,military,Voluntarily Terminated,Fully Meets
108,Fernandes,28,Married,5/11/2015,,26,30,Production       ,Production Technician I,18,2132,Amy,930,5,1302053339,1,1,1,1,9,MA,10/18/1989,Male,US Citizen,No,White,N/A - still employed,Active,N/A- too early to review
109,Ferreira,31,Single,2/20/2012,,11,30,Production       ,Production Technician I,23,2176,Ketsia,2106,5,803009012,0,0,0,1,3,MA,6/10/1986,Female,US Citizen,No,White,N/A - still employed,Active,Fully Meets
110,Fidelia,36,Married,1/9/2012,,26,30,Production       ,Production Technician I,24,2155,Brannon,2148,5,1006020020,1,1,0,1,3,MA,3/16/1981,Female,US Citizen,No,White,N/A - still employed,Active,Fully Meets
111,Garcia,32,Single,3/30/2015,,11,30,Production       ,Production Technician I,19,1905,David,972,5,1309061015,0,0,1,1,9,MA,9/15/1985,Male,US Citizen,Yes,White,N/A - still employed,Active,N/A- too early to review
112,Garneau,37,Single,7/8/2013,,24,30,Production       ,Production Technician I,18,1550,Kissy,1602,5,1104025414,0,0,1,1,3,MA,4/18/1980,Male,US Citizen,No,Asian,N/A - still employed,Active,Fully Meets
113,Gaul,34,widowed,5/16/2011,,14,30,Production       ,Production Technician I,24,2121,Kelley,2386,5,1105026041,0,0,0,1,3,MA,12/2/1983,Female,US Citizen,Yes,Black or African American,N/A - still employed,Active,Fully Meets
114,Gentry,27,Married,3/30/2015,,17,30,Production       ,Production Technician I,19,2145,Michael,972,5,1501072192,1,1,0,1,9,MA,10/1/1990,Female,US Citizen,No,Black or African American,N/A - still employed,Active,N/A- too early to review
115,Gerke,47,Divorced,11/7/2011,11/15/2011,25,30,Production       ,Production Technician I,22,2330,Elijiah,8,5,1308060622,0,2,0,5,9,MA,5/15/1970,Female,US Citizen,No,White,hours,Voluntarily Terminated,N/A- too early to review
116,Gilles,43,Married,4/2/2012,6/25/2015,24,30,Production       ,Production Technician I,15,2062,Webster,1179,5,1008020960,1,1,1,5,2,MA,8/9/1974,Male,US Citizen,No,Black or African American,military,Voluntarily Terminated,Needs Improvement
117,Girifalco,37,Single,9/29/2014,,29,30,Production       ,Production Technician I,16,2451,Amy,1154,5,1204032927,0,0,0,1,4,MA,5/8/1980,Female,US Citizen,Yes,Two or more races,N/A - still employed,Active,Exceeds
118,Gold,25,Single,11/11/2013,,10,30,Production       ,Production Technician I,17,2451,Ketsia,1476,5,1408069539,0,0,0,1,3,MA,6/18/1992,Female,US Citizen,Yes,White,N/A - still employed,Active,Fully Meets
119,Gonzalez,48,Divorced,7/11/2011,,21,30,Production       ,Production Technician I,16,2108,Brannon,2330,5,1411071212,0,2,1,1,4,MA,9/29/1969,Male,US Citizen,No,American Indian or Alaska Native,N/A - still employed,Active,Exceeds
120,Gordon,38,Married,7/2/2012,,23,30,Production       ,Production Technician I,15,2169,David,1973,5,1106026579,1,1,1,1,3,MA,5/21/1979,Male,US Citizen,No,White,N/A - still employed,Active,Fully Meets
121,Goyal,43,Married,8/19/2013,,25,30,Production       ,Production Technician I,24,1864,Kissy,1560,5,1312063675,1,1,0,3,3,MA,10/9/1974,Female,US Citizen,No,Asian,N/A - still employed,Leave of Absence,Fully Meets
122,Gross,34,Divorced,2/21/2011,1/11/2014,7,30,Production       ,Production Technician I,14,2176,Kelley,1055,5,1103024859,0,2,0,5,3,MA,5/21/1983,Female,US Citizen,No,White,more money,Voluntarily Terminated,Fully Meets
123,Handschiegl,40,Married,11/28/2011,,2,30,Production       ,Production Technician I,24,2127,Michael,2190,5,1405067064,1,1,0,1,3,MA,3/23/1977,Female,US Citizen,No,White,N/A - still employed,Active,Fully Meets
124,Harrell,35,Married,5/14/2012,,16,30,Production       ,Production Technician I,21,1776,Elijiah,2022,5,1406068241,1,1,1,1,3,MA,9/2/1982,Male,US Citizen,No,Asian,N/A - still employed,Active,Fully Meets
125,Harrington,65,Single,1/9/2012,12/15/2015,25,30,Production       ,Production Technician I,19.75,2324,Webster,1436,5,1110029602,0,0,0,5,3,MA,8/18/1952,Female,US Citizen,No,White,retiring,Voluntarily Terminated,Fully Meets
126,Harrison,43,Married,5/12/2014,,19,30,Production       ,Production Technician I,20,1886,Amy,1294,5,1404066622,1,1,0,1,4,MA,5/2/1974,Female,US Citizen,No,White,N/A - still employed,Active,Exceeds
127,Heitzman,34,Single,8/13/2012,,27,30,Production       ,Production Technician I,19,2149,Ketsia,1931,5,1002017900,0,0,1,1,0,MA,1/4/1984,Male,US Citizen,No,White,N/A - still employed,Active,90-day meets
128,Ivey,27,Single,8/19/2013,,1,30,Production       ,Production Technician I,16,1775,Brannon,1560,5,1408069882,0,0,0,1,3,MA,1/28/1991,Female,US Citizen,No,White,N/A - still employed,Active,Fully Meets
129,Jackson,45,Separated,11/5/2012,,9,30,Production       ,Production Technician I,20,2081,David,1847,5,1201031438,0,0,0,1,3,MA,9/11/1972,Female,US Citizen,No,White,N/A - still employed,Active,Fully Meets
130,Jacobi,51,Divorced,9/30/2013,,28,30,Production       ,Production Technician I,21,1778,Kissy,1518,5,1503072857,0,2,0,1,3,MA,3/22/1966,Female,US Citizen,No,White,N/A - still employed,Active,Fully Meets
131,Jhaveri,53,Separated,1/6/2014,,9,30,Production       ,Production Technician I,19,2109,Kelley,1420,5,1412071713,0,3,0,1,3,MA,4/13/1964,Female,US Citizen,No,White,N/A - still employed,Active,Fully Meets
132,Johnson,58,Married,11/7/2011,4/29/2016,29,30,Production       ,Production Technician I,17,2445,Michael,1635,5,1105025721,1,1,1,5,4,MA,8/19/1959,Male,US Citizen,No,White,more money,Voluntarily Terminated,Exceeds
133,Jung,31,Married,1/10/2011,4/1/2016,22,30,Production       ,Production Technician I,21,2446,Elijiah,1908,5,1107027450,1,1,0,5,0,MA,4/17/1986,Female,US Citizen,No,White,unhappy,Voluntarily Terminated,90-day meets
134,Keatts,42,Single,9/30/2013,,3,30,Production       ,Production Technician I,19,1887,Michael,1518,5,1301052462,0,0,1,1,3,MA,1/19/1976,Male,US Citizen,No,White,N/A - still employed,Active,Fully Meets
135,Kinsella,44,Married,9/26/2011,6/4/2015,25,30,Production       ,Production Technician I,22,2170,Webster,1347,5,710007401,1,1,0,5,0,MA,12/8/1973,Female,US Citizen,No,White,more money,Voluntarily Terminated,90-day meets
136,Kirill,47,Married,9/26/2011,1/9/2012,24,30,Production       ,Production Technician I,24,2127,Amy,105,5,903013071,1,1,0,5,3,MA,10/8/1970,Female,US Citizen,No,White,more money,Voluntarily Terminated,Fully Meets
137,Knapp,40,Single,2/17/2014,,6,30,Production       ,Production Technician I,14,1721,Ketsia,1378,5,1304055683,0,0,1,1,3,MA,11/10/1977,Male,US Citizen,No,Black or African American,N/A - still employed,Active,Fully Meets
138,Kretschmer,37,Married,1/10/2011,,25,30,Production       ,Production Technician I,21,1801,Brannon,2512,5,1311062610,1,1,1,1,3,MA,2/2/1980,Male,US Citizen,No,Asian,N/A - still employed,Active,Fully Meets
139,Langton,31,Married,7/9/2012,,5,30,Production       ,Production Technician I,17,2048,David,1966,5,1304055987,1,1,1,1,3,MA,12/9/1986,Male,US Citizen,No,White,N/A - still employed,Active,Fully Meets
140,Leach,39,Single,9/26/2011,8/19/2013,9,30,Production       ,Production Technician I,19,1810,Kissy,693,5,1408069409,0,0,0,5,3,MA,1/17/1979,Female,US Citizen,No,Asian,return to school,Voluntarily Terminated,Fully Meets
141,LeBel,36,Single,2/21/2011,8/4/2011,8,30,Production       ,Production Technician I,15,2050,Kelley,164,5,1107027575,0,0,1,4,0,MA,10/18/1981,Male,US Citizen,No,White,attendance,Terminated for Cause,90-day meets
142,Linares,36,Married,7/5/2011,9/26/2011,21,30,Production       ,Production Technician I,15.25,1886,Michael,83,5,1206042315,1,1,0,5,9,MA,3/26/1981,Female,US Citizen,No,White,unhappy,Voluntarily Terminated,N/A- too early to review
143,Lydon,42,Married,2/16/2015,,18,30,Production       ,Production Technician I,20,2122,Elijiah,1014,5,1101023353,1,1,0,3,0,MA,10/22/1975,Female,US Citizen,No,Black or African American,N/A - still employed,Leave of Absence,90-day meets
144,Lynch,44,Single,11/7/2011,11/14/2015,26,30,Production       ,Production Technician I,19,1844,Webster,1468,5,1001138521,0,0,0,5,4,MA,2/14/1973,Female,US Citizen,Yes,Two or more races,Another position,Voluntarily Terminated,Exceeds
145,MacLennan,45,widowed,9/24/2012,9/26/2012,18,30,Production       ,Production Technician I,15,1938,Amy,2,5,1201031032,0,4,1,5,9,MA,11/9/1972,Male,US Citizen,No,White,hours,Voluntarily Terminated,N/A- too early to review
146,Mahoney,31,Single,1/6/2014,,15,30,Production       ,Production Technician I,17,2189,Ketsia,1420,5,1209049259,0,0,0,1,3,MA,7/7/1986,Female,US Citizen,No,White,N/A - still employed,Active,Fully Meets
147,Mangal,43,Married,11/11/2013,,7,30,Production       ,Production Technician I,23,2451,Brannon,1476,5,1308060754,1,1,0,1,3,MA,11/7/1974,Female,US Citizen,No,White,N/A - still employed,Active,Fully Meets
148,Maurice,40,Married,5/31/2011,,17,30,Production       ,Production Technician I,20,2330,David,2371,5,1401064327,1,1,0,1,0,MA,11/22/1977,Female,US Citizen,No,White,N/A - still employed,Active,90-day meets
149,Mckenna,31,Married,1/7/2013,,29,30,Production       ,Production Technician I,24,2184,Kissy,1784,5,909015167,1,1,0,1,3,MA,1/7/1987,Female,US Citizen,No,Black or African American,N/A - still employed,Active,Fully Meets
150,Meads,49,Single,4/2/2012,11/11/2015,26,30,Production       ,Production Technician I,14,1760,Kelley,1318,5,1409070245,0,0,0,5,3,MA,5/30/1968,Female,US Citizen,No,Black or African American,Another position,Voluntarily Terminated,Fully Meets
151,Medeiros,41,Single,3/30/2015,,25,30,Production       ,Production Technician I,20,2346,Michael,972,5,1109029256,0,0,0,1,9,MA,9/22/1976,Female,US Citizen,No,White,N/A - still employed,Active,N/A- too early to review
152,Motlagh,33,Divorced,4/1/2013,,6,30,Production       ,Production Technician I,15,2453,Elijiah,1700,5,1102024121,0,2,0,1,3,MA,7/7/1984,Female,US Citizen,No,White,N/A - still employed,Active,Fully Meets
153,Ndzi,28,Single,9/26/2011,4/4/2014,8,30,Production       ,Production Technician I,18,2110,Webster,921,5,1204033041,0,0,1,5,3,MA,5/2/1989,Male,US Citizen,No,Black or African American,return to school,Voluntarily Terminated,Fully Meets
154,Ndzi,34,Married,4/1/2013,5/25/2016,14,30,Production       ,Production Technician I,22,2421,Amy,1150,5,1204033041,1,1,1,5,3,MA,3/28/1983,Male,US Citizen,No,White,more money,Voluntarily Terminated,Fully Meets
155,Newman,40,Married,5/12/2014,,11,30,Production       ,Production Technician I,21,2136,Ketsia,1294,5,1302053044,1,1,1,3,3,MA,4/8/1977,Male,US Citizen,No,White,N/A - still employed,Leave of Absence,Fully Meets
156,Ngodup,50,Separated,4/1/2013,,4,30,Production       ,Production Technician I,15,1810,Brannon,1700,5,1403066020,0,3,0,1,4,MA,6/3/1967,Female,US Citizen,No,Asian,N/A - still employed,Active,Exceeds
157,Nguyen,33,Single,7/8/2013,,0,30,Production       ,Production Technician I,19,2132,David,1602,5,1203032357,0,0,0,1,3,MA,7/7/1984,Female,US Citizen,No,White,N/A - still employed,Active,Fully Meets
158,O'hare,37,widowed,3/31/2014,5/1/2016,2,30,Production       ,Production Technician I,18.5,2152,Kissy,762,5,1206044851,0,0,0,4,1,MA,9/30/1980,Female,US Citizen,No,Two or more races,performance,Terminated for Cause,PIP
159,Osturnka,41,Married,9/30/2013,,2,30,Production       ,Production Technician I,16,2478,Kelley,1518,5,1404066949,1,1,1,1,4,MA,12/11/1976,Male,US Citizen,No,White,N/A - still employed,Active,Exceeds
160,Owad,38,Single,2/17/2014,,2,30,Production       ,Production Technician I,22,1760,Michael,1378,5,1103024335,0,0,1,1,2,MA,11/24/1979,Male,US Citizen,No,Black or African American,N/A - still employed,Active,Needs Improvement
161,Panjwani,38,Married,2/7/2011,1/12/2014,28,30,Production       ,Production Technician I,18,2351,Elijiah,1070,5,1109029531,1,1,0,5,3,MA,5/1/1979,Female,US Citizen,No,White,Another position,Voluntarily Terminated,Fully Meets
162,Pelech,29,Single,1/10/2011,12/28/2012,25,30,Production       ,Production Technician I,24,2458,Webster,718,5,1307060058,0,0,1,5,2,MA,3/17/1988,Male,US Citizen,No,Black or African American,career change,Voluntarily Terminated,Needs Improvement
163,Perry,31,Single,5/16/2011,10/25/2015,30,30,Production       ,Production Technician I,22,2176,Amy,1623,5,1109029186,0,0,0,5,3,MA,7/20/1986,Female,US Citizen,No,White,medical issues,Voluntarily Terminated,Fully Meets
164,Peterson,44,Married,4/26/2010,,18,30,Production       ,Production Technician I,17,1749,Ketsia,2771,5,1307059944,1,1,0,1,3,MA,9/23/1973,Female,US Citizen,No,White,N/A - still employed,Active,Fully Meets
165,Pham,29,Married,7/5/2011,11/30/2012,27,30,Production       ,Production Technician I,18,2451,Brannon,514,5,1305057440,1,1,1,5,3,MA,3/6/1988,Male,US Citizen,No,White,more money,Voluntarily Terminated,Fully Meets
166,Pitt,36,Single,11/5/2007,,29,30,Production       ,Production Technician I,17,2451,David,3674,5,1001735072,0,0,1,1,3,MA,11/23/1981,Male,US Citizen,No,Black or African American,N/A - still employed,Active,Fully Meets
167,Power,33,Divorced,5/16/2011,6/4/2011,30,30,Production       ,Production Technician I,19,1742,Kissy,19,5,1102024274,0,2,0,5,9,MA,10/15/1984,Female,Eligible NonCitizen,No,Asian,Another position,Voluntarily Terminated,N/A- too early to review
168,Punjabhi,56,Single,1/6/2014,,14,30,Production       ,Production Technician I,16,2109,Kelley,1420,5,1401064562,0,0,1,1,3,MA,6/19/1961,Male,US Citizen,No,White,N/A - still employed,Active,Fully Meets
169,Purinton,47,Divorced,9/24/2012,6/18/2013,23,30,Production       ,Production Technician I,16,2474,Kissy,267,5,1011022926,0,2,0,5,3,MA,9/22/1970,Female,US Citizen,No,White,unhappy,Voluntarily Terminated,Fully Meets
170,Rarrick,33,Divorced,9/26/2011,4/7/2012,16,30,Production       ,Production Technician I,21,2478,Michael,194,5,1208048229,0,2,1,5,3,MA,12/31/1984,Male,US Citizen,No,White,more money,Voluntarily Terminated,Fully Meets
171,Rhoads,35,Divorced,5/16/2011,1/15/2016,17,30,Production       ,Production Technician I,20,2176,Elijiah,1705,5,1211050793,0,2,1,5,3,MA,7/22/1982,Male,US Citizen,Yes,White,retiring,Voluntarily Terminated,Fully Meets
172,Rivera,45,Married,11/28/2011,,17,30,Production       ,Production Technician I,22,2171,Webster,2190,5,1405067642,1,1,0,1,4,MA,1/12/1973,Female,US Citizen,No,Asian,N/A - still employed,Active,Exceeds
173,Robinson,44,Married,1/10/2011,1/26/2016,28,30,Production       ,Production Technician I,24,1420,Amy,1842,5,1206038000,1,1,1,5,3,MA,1/7/1974,Male,US Citizen,No,Black or African American,attendance,Voluntarily Terminated,Fully Meets
174,Robinson,33,Married,1/10/2011,5/17/2016,14,30,Production       ,Production Technician I,16,1460,Ketsia,1954,5,1403065625,1,1,0,4,2,MA,1/7/1985,Female,US Citizen,No,White,attendance,Terminated for Cause,Needs Improvement
175,Robinson,33,widowed,7/8/2013,,5,30,Production       ,Production Technician I,17,1730,Brannon,1602,5,1011022887,0,4,1,1,5,MA,1/28/1985,Male,US Citizen,No,White,N/A - still employed,Active,Exceptional
176,Rose,43,Separated,1/6/2014,,4,30,Production       ,Production Technician I,17,1886,David,1420,5,710007555,0,3,0,1,3,MA,12/5/1974,Female,US Citizen,No,White,N/A - still employed,Active,Fully Meets
177,Rossetti,30,Single,4/4/2011,8/13/2012,15,30,Production       ,Production Technician I,18,2155,Kissy,497,5,1405067492,0,0,1,5,3,MA,3/18/1987,Male,US Citizen,No,White,Another position,Voluntarily Terminated,Fully Meets
178,Saar-Beckles,49,Single,7/4/2016,,28,30,Production       ,Production Technician I,20,1801,Kelley,510,5,1410070998,0,0,0,2,9,MA,6/6/1968,Female,US Citizen,No,Black or African American,N/A - Has not started yet,Future Start,N/A- too early to review
179,Sadki,43,Single,1/5/2009,7/30/2010,8,30,Production       ,Production Technician I,21,2148,Michael,571,5,1308060535,0,0,1,5,3,MA,12/21/1974,Male,US Citizen,No,White,relocation out of area,Voluntarily Terminated,Fully Meets
180,Sander,29,Married,9/29/2014,,12,30,Production       ,Production Technician I,21,2154,Elijiah,1154,5,1302053362,1,1,0,1,3,MA,7/10/1988,Female,US Citizen,No,Black or African American,N/A - still employed,Active,Fully Meets
181,Sewkumar,42,Single,9/30/2013,,22,30,Production       ,Production Technician I,15.2,2191,Webster,1518,5,807010161,0,0,0,3,3,MA,3/10/1975,Female,US Citizen,No,Asian,N/A - still employed,Leave of Absence,Fully Meets
182,Shields,32,Married,8/19/2013,,8,30,Production       ,Production Technician I,15,2149,Amy,1560,5,1205033102,1,1,0,1,3,MA,8/24/1985,Female,US Citizen,No,White,N/A - still employed,Active,Fully Meets
183,Smith,53,Single,11/11/2013,,24,30,Production       ,Production Technician I,24.5,2130,Ketsia,1476,5,1501071909,0,0,0,1,3,MA,2/2/1965,Female,US Citizen,No,White,N/A - still employed,Active,Fully Meets
184,Sparks,49,Married,2/20/2012,,27,30,Production       ,Production Technician I,16,2093,Brannon,2106,5,1410071137,1,1,0,1,1,MA,7/20/1968,Female,US Citizen,No,White,N/A - still employed,Active,PIP
185,Squatrito,44,Divorced,5/13/2013,6/29/2015,18,30,Production       ,Production Technician I,21,2359,David,777,5,1405067138,0,2,0,5,4,MA,3/26/1973,Female,US Citizen,No,White,unhappy,Voluntarily Terminated,Exceeds
186,Stanford,35,Divorced,1/10/2011,,7,30,Production       ,Production Technician I,14,2050,Kissy,2512,5,1111030244,0,2,0,1,3,MA,8/25/1982,Female,US Citizen,No,Two or more races,N/A - still employed,Active,Fully Meets
187,Stoica,32,Married,2/17/2014,,19,30,Production       ,Production Technician I,22,2301,Kelley,1378,5,1106026896,1,1,1,1,3,MA,3/14/1985,Male,US Citizen,No,Asian,N/A - still employed,Active,Fully Meets
188,Sullivan,35,Married,1/5/2015,,27,30,Production       ,Production Technician I,19,2747,Michael,1056,5,1201031310,1,1,1,1,0,MA,10/7/1982,Male,US Citizen,Yes,White,N/A - still employed,Active,90-day meets
189,Sutwell,49,Single,5/14/2012,,7,30,Production       ,Production Technician I,14,2718,Elijiah,2022,5,1407069061,0,0,0,1,3,MA,8/15/1968,Female,Eligible NonCitizen,No,Asian,N/A - still employed,Active,Fully Meets
190,Tavares,42,Married,4/27/2009,4/1/2013,17,30,Production       ,Production Technician I,15,1801,Webster,1435,5,1405067501,1,1,0,5,3,MA,4/3/1975,Female,Non-Citizen,No,Two or more races,Another position,Voluntarily Terminated,Fully Meets
191,Theamstern,52,Single,7/5/2011,9/5/2011,5,30,Production       ,Production Technician I,20,2066,Amy,62,5,1404066739,0,0,0,5,9,MA,5/9/1965,Female,US Citizen,No,White,return to school,Voluntarily Terminated,N/A- too early to review
192,Tinto,34,Divorced,1/10/2011,5/14/2011,4,30,Production       ,Production Technician I,20,1876,Ketsia,124,5,1103024504,0,2,0,5,0,MA,7/30/1983,Female,US Citizen,No,White,Another position,Voluntarily Terminated,90-day meets
193,Tippett,50,Divorced,2/18/2013,,10,30,Production       ,Production Technician I,24,2093,Brannon,1742,5,1409070255,0,2,0,1,3,MA,6/5/1967,Female,US Citizen,No,Black or African American,N/A - still employed,Active,Fully Meets
194,Trang,34,Single,2/17/2014,,12,30,Production       ,Production Technician I,22,2021,David,1378,5,1012023152,0,0,0,1,9,MA,5/16/1983,Female,US Citizen,No,White,N/A - still employed,Active,N/A- too early to review
195,Veera,30,Divorced,8/13/2012,2/5/2016,3,30,Production       ,Production Technician I,19,2171,Kissy,1271,5,1203032235,0,2,1,5,4,MA,1/31/1987,Male,US Citizen,No,White,maternity leave - did not return,Voluntarily Terminated,Exceeds
196,Volk,31,Married,9/26/2011,2/8/2016,25,30,Production       ,Production Technician I,21,2747,Kelley,1596,5,1011022814,1,1,0,4,4,MA,6/3/1986,Female,US Citizen,No,White,gross misconduct,Terminated for Cause,Exceeds
197,Von Massenbach,32,Single,7/5/2015,,0,30,Production       ,Production Technician I,20,2124,Michael,875,5,1106026474,0,0,0,2,9,MA,4/6/1985,Female,US Citizen,No,White,N/A - Has not started yet,Future Start,N/A- too early to review
198,Wallace,37,Single,8/13/2012,9/1/2015,13,30,Production       ,Production Technician I,15,1887,Elijiah,1114,5,1101023619,0,0,0,5,2,MA,8/2/1980,Female,US Citizen,No,White,career change,Voluntarily Terminated,Needs Improvement
199,Whittier,30,Single,1/10/2011,5/15/2011,6,30,Production       ,Production Technician I,23,2030,Webster,125,5,1307060212,0,0,1,5,0,MA,5/24/1987,Male,US Citizen,Yes,White,hours,Voluntarily Terminated,90-day meets
200,Wilber,52,Married,5/16/2011,9/7/2015,11,30,Production       ,Production Technician I,21,2324,Amy,1575,5,1101023839,1,1,1,5,3,MA,9/9/1965,Male,Eligible NonCitizen,No,White,unhappy,Voluntarily Terminated,Fully Meets
201,Williams,48,Single,1/9/2012,6/27/2015,29,30,Production       ,Production Technician I,16,2109,Ketsia,1265,5,1308060671,0,0,0,5,3,MA,10/2/1969,Female,US Citizen,Yes,Two or more races,relocation out of area,Voluntarily Terminated,Fully Meets
202,Ybarra,35,Single,9/2/2008,9/29/2015,0,30,Production       ,Production Technician I,22,2458,Brannon,2583,5,1001268402,0,0,0,5,1,MA,5/4/1982,Female,US Citizen,No,Asian,Another position,Voluntarily Terminated,PIP
203,Zima,39,widowed,9/29/2014,,28,30,Production       ,Production Technician I,15,1730,David,1154,5,1211051232,0,4,0,1,3,MA,8/17/1978,Female,US Citizen,No,Asian,N/A - still employed,Active,Fully Meets
204,Akinkuolie,29,Married,7/5/2011,9/24/2012,23,30,Production       ,Production Technician II,29,1810,Kissy,447,5,1005019209,1,1,0,5,0,MA,9/19/1988,Female,US Citizen,No,White,hours,Voluntarily Terminated,90-day meets
205,Beak,51,Married,7/21/2016,,27,30,Production       ,Production Technician II,27,2145,Kelley,493,5,1303054329,1,1,0,2,4,MA,4/17/1966,Female,US Citizen,No,White,N/A - Has not started yet,Future Start,Exceeds
206,Blount,27,Single,4/4/2011,,8,30,Production       ,Production Technician II,27,2171,Michael,2428,5,1403066125,0,0,0,1,2,MA,9/21/1990,Female,US Citizen,No,White,N/A - still employed,Active,Needs Improvement
207,Bondwell,51,Single,1/10/2011,4/4/2014,17,30,Production       ,Production Technician II,26,2210,Elijiah,1180,5,1008021030,0,0,0,5,0,MA,1/16/1967,Female,US Citizen,No,White,career change,Voluntarily Terminated,90-day meets
208,Buccheri,34,Single,9/29/2014,,0,30,Production       ,Production Technician II,22,1013,Webster,1154,5,1101023457,0,0,1,1,3,MA,7/28/1983,Male,US Citizen,No,White,N/A - still employed,Active,Fully Meets
209,Burke,37,Single,3/5/2012,,26,30,Production       ,Production Technician II,25,2148,Amy,2092,5,1011022820,0,0,0,1,3,MA,3/2/1980,Female,US Citizen,No,Black or African American,N/A - still employed,Active,Fully Meets
210,Burkett,40,Married,4/4/2011,,19,30,Production       ,Production Technician II,26,1890,Ketsia,2428,5,1301052449,1,1,1,1,3,MA,8/19/1977,Male,US Citizen,No,White,N/A - still employed,Active,Fully Meets
211,Cloninger,36,Married,5/16/2011,1/7/2013,13,30,Production       ,Production Technician II,25,1752,Brannon,602,5,1012023226,1,1,0,5,0,MA,8/31/1981,Female,US Citizen,No,White,unhappy,Voluntarily Terminated,90-day meets
212,Close,39,Married,8/30/2010,9/26/2011,11,30,Production       ,Production Technician II,26,2169,David,392,5,1209048697,1,1,1,5,3,MA,11/25/1978,Male,US Citizen,No,White,career change,Voluntarily Terminated,Fully Meets
213,Davis,38,Single,11/7/2011,,11,30,Production       ,Production Technician II,25,2458,Kissy,2211,5,1201031274,0,0,1,1,0,MA,9/14/1979,Male,Eligible NonCitizen,No,Two or more races,N/A - still employed,Active,90-day meets
214,Demita,66,Separated,4/4/2011,11/4/2015,16,30,Production       ,Production Technician II,29,2343,Kelley,1675,5,1104025179,0,3,0,5,3,MA,2/25/1951,Female,US Citizen,No,Black or African American,more money,Voluntarily Terminated,Fully Meets
215,Erilus,28,Separated,7/7/2014,,13,30,Production       ,Production Technician II,24,2133,Michael,1238,5,1105025661,0,3,0,1,1,MA,8/25/1989,Female,US Citizen,No,White,N/A - still employed,Active,PIP
216,Faller,39,Married,7/7/2014,,12,30,Production       ,Production Technician II,27,1824,Elijiah,1238,5,1108028428,1,1,0,1,3,MA,9/22/1978,Female,US Citizen,No,Black or African American,N/A - still employed,Active,Fully Meets
217,Fancett,30,Single,2/17/2014,,0,30,Production       ,Production Technician II,24,2324,Webster,1378,5,1402065085,0,0,0,1,3,MA,9/27/1987,Female,US Citizen,No,Black or African American,N/A - still employed,Active,Fully Meets
218,Fitzpatrick,36,Single,5/16/2011,6/24/2013,6,30,Production       ,Production Technician II,29,2143,Amy,770,5,1109029103,0,0,1,5,3,MA,10/1/1981,Male,US Citizen,Yes,White,hours,Voluntarily Terminated,Fully Meets
219,Foreman,34,Married,4/4/2011,1/9/2012,18,30,Production       ,Production Technician II,24,2170,Ketsia,280,5,1012023204,1,1,0,5,3,MA,11/8/1983,Female,US Citizen,No,White,career change,Voluntarily Terminated,Fully Meets
220,Gonzalez,53,Married,4/26/2010,5/30/2011,24,30,Production       ,Production Technician II,29,2128,Brannon,399,5,1411071324,1,1,1,5,1,MA,10/12/1964,Male,US Citizen,No,Black or African American,career change,Voluntarily Terminated,PIP
221,Good,31,Married,5/12/2014,,10,30,Production       ,Production Technician II,24.25,1886,David,1294,5,1001549006,1,1,0,3,3,MA,5/25/1986,Female,US Citizen,No,White,N/A - still employed,Leave of Absence,Fully Meets
222,Gosciminski,34,Separated,9/30/2013,,15,30,Production       ,Production Technician II,27,1824,Kissy,1518,5,1108028351,0,3,0,3,3,MA,12/8/1983,Female,US Citizen,No,American Indian or Alaska Native,N/A - still employed,Leave of Absence,Fully Meets
223,Hankard,29,Single,11/11/2013,,28,30,Production       ,Production Technician II,24,2155,Kelley,1476,5,1307059937,0,0,1,1,3,MA,8/10/1988,Male,US Citizen,Yes,White,N/A - still employed,Active,Fully Meets
224,Hendrickson,45,Single,1/10/2011,2/18/2013,7,30,Production       ,Production Technician II,24,2021,Kelley,770,5,1011022932,0,0,0,5,3,MA,8/27/1972,Female,US Citizen,No,White,hours,Voluntarily Terminated,Fully Meets
225,Homberger,33,Married,8/15/2011,4/7/2012,3,30,Production       ,Production Technician II,28,2445,Michael,236,5,1207046956,1,1,0,5,3,MA,2/16/1984,Female,Non-Citizen,No,White,relocation out of area,Voluntarily Terminated,Fully Meets
226,Hunts,33,Single,6/6/2016,,19,30,Production       ,Production Technician II,25,2021,Elijiah,538,5,1106026433,0,0,0,2,9,MA,3/11/1984,Female,US Citizen,No,White,N/A - Has not started yet,Future Start,N/A- too early to review
227,Hutter,25,Separated,6/5/2015,,4,30,Production       ,Production Technician II,28,2351,Webster,905,5,1103024924,0,3,0,2,9,MA,5/7/1992,Female,US Citizen,No,White,N/A - Has not started yet,Future Start,N/A- too early to review
228,Huynh,41,Divorced,2/21/2011,4/1/2013,16,30,Production       ,Production Technician II,23,1742,Amy,770,5,1306058509,0,2,0,5,3,MA,9/22/1976,Female,US Citizen,No,White,unhappy,Voluntarily Terminated,Fully Meets
229,Jeannite,31,Divorced,7/5/2011,,4,30,Production       ,Production Technician II,22.5,1821,Ketsia,2336,5,1008020942,0,2,0,1,4,MA,11/6/1986,Female,US Citizen,No,American Indian or Alaska Native,N/A - still employed,Active,Exceeds
230,Johnston,48,Single,7/7/2014,,20,30,Production       ,Production Technician II,25,2128,Brannon,1238,5,1306057810,0,0,0,1,5,MA,9/8/1969,Female,US Citizen,No,White,N/A - still employed,Active,Exceptional
231,Langford,38,Divorced,1/7/2013,3/31/2014,29,30,Production       ,Production Technician II,22,2090,David,448,5,1010022030,0,2,0,5,3,MA,7/25/1979,Female,US Citizen,No,Asian,Another position,Voluntarily Terminated,Fully Meets
232,Latif,33,Married,4/2/2012,4/15/2013,3,30,Production       ,Production Technician II,28,2126,Kissy,378,5,1104025486,1,1,1,5,3,MA,5/9/1984,Male,US Citizen,No,White,more money,Voluntarily Terminated,Fully Meets
233,Linden,38,Married,7/8/2013,,24,30,Production       ,Production Technician II,22,1770,Kelley,1602,5,1405067565,1,1,1,3,3,MA,3/19/1979,Male,US Citizen,No,White,N/A - still employed,Leave of Absence,Fully Meets
234,Lundy,41,widowed,7/8/2013,9/15/2013,29,30,Production       ,Production Technician II,24,2122,Michael,69,5,1305056276,0,4,0,5,9,MA,12/26/1976,Female,US Citizen,No,White,more money,Voluntarily Terminated,N/A- too early to review
235,Lunquist,35,Single,8/19/2013,,28,30,Production       ,Production Technician II,26.1,2324,Elijiah,1560,5,1001504432,0,0,0,1,4,MA,3/28/1982,Female,US Citizen,No,Black or African American,N/A - still employed,Active,Exceeds
236,Manchester,41,Married,5/11/2016,,25,30,Production       ,Production Technician II,23,2324,Webster,564,5,1110029623,1,1,0,2,9,MA,8/25/1976,Female,US Citizen,No,White,N/A - Has not started yet,Future Start,N/A- too early to review
237,Mancuso,31,Married,7/5/2011,8/19/2011,0,30,Production       ,Production Technician II,23,2176,Amy,45,5,1304055986,1,1,0,5,9,MA,12/10/1986,Female,US Citizen,No,Two or more races,Another position,Voluntarily Terminated,N/A- too early to review
238,McCarthy,30,Single,3/30/2015,,3,30,Production       ,Production Technician II,26,2149,Ketsia,972,5,1406067957,0,0,0,1,9,MA,5/21/1987,Female,US Citizen,No,White,N/A - still employed,Active,N/A- too early to review
239,Miller,32,Single,8/15/2011,9/4/2014,24,30,Production       ,Production Technician II,25,2472,Brannon,1116,5,1205033439,0,0,1,5,1,MA,6/29/1985,Male,US Citizen,No,White,unhappy,Voluntarily Terminated,PIP
240,Monkfish,25,Married,11/7/2011,,13,30,Production       ,Production Technician II,27,1450,David,2211,5,1404066711,1,1,1,1,3,MA,8/17/1992,Male,US Citizen,No,White,N/A - still employed,Active,Fully Meets
241,Monterro,47,Single,5/13/2013,,22,30,Production       ,Production Technician II,25,2126,Kissy,1658,5,1001103149,0,0,0,1,5,MA,4/24/1970,Female,US Citizen,No,Black or African American,N/A - still employed,Active,Exceptional
242,Moran,41,Single,1/9/2012,,13,30,Production       ,Production Technician II,26,2127,Kelley,2148,5,1408069503,0,0,1,3,3,MA,12/3/1976,Male,US Citizen,No,Hispanic,N/A - still employed,Leave of Absence,Fully Meets
243,Moumanil,43,Separated,5/13/2013,,12,30,Production       ,Production Technician II,29,1460,Michael,1658,5,1301052436,0,3,1,1,3,MA,12/1/1974,Male,US Citizen,No,Black or African American,N/A - still employed,Active,Fully Meets
244,Nowlan,32,Single,11/10/2014,,7,30,Production       ,Production Technician II,26.39,1040,Elijiah,1112,5,1104025435,0,0,0,1,3,MA,11/23/1985,Female,US Citizen,No,White,N/A - still employed,Active,Fully Meets
245,Oliver,65,Married,5/14/2012,8/19/2013,7,30,Production       ,Production Technician II,25,2492,Webster,462,5,1001856521,1,1,0,5,0,MA,2/11/1952,Female,US Citizen,No,Asian,unhappy,Voluntarily Terminated,90-day meets
246,Pelletier,28,Married,7/5/2011,9/15/2011,11,30,Production       ,Production Technician II,28,2472,Amy,72,5,1202031821,1,1,0,5,9,MA,7/18/1989,Female,US Citizen,No,Asian,unhappy,Voluntarily Terminated,N/A- too early to review
247,Peters,31,Married,5/16/2011,2/4/2012,11,30,Production       ,Production Technician II,29,1886,Ketsia,264,5,1411071406,1,1,0,5,4,MA,8/17/1986,Female,US Citizen,No,White,more money,Voluntarily Terminated,Exceeds
248,Petingill,38,Married,4/2/2012,,16,30,Production       ,Production Technician II,26,2050,Brannon,2064,5,1103024843,1,1,0,1,3,MA,3/10/1979,Female,Eligible NonCitizen,No,Asian,N/A - still employed,Active,Fully Meets
249,Roberson,36,Divorced,9/26/2011,10/22/2011,2,30,Production       ,Production Technician II,26,1902,David,26,5,1402065340,0,2,0,5,9,MA,9/5/1981,Female,Eligible NonCitizen,No,White,return to school,Voluntarily Terminated,N/A- too early to review
250,Robertson,45,Married,7/5/2011,2/8/2012,4,30,Production       ,Production Technician II,22,2138,Kissy,218,5,1499902991,1,1,1,5,3,MA,7/3/1972,Male,US Citizen,No,White,Another position,Voluntarily Terminated,Fully Meets
251,Sahoo,31,Married,8/30/2010,,12,30,Production       ,Production Technician II,29,2062,Kelley,2645,5,1106026462,1,1,1,1,3,MA,4/26/1986,Male,US Citizen,No,White,N/A - still employed,Active,Fully Meets
252,Sloan,30,Single,10/26/2009,4/8/2015,30,30,Production       ,Production Technician II,23,1851,Michael,1990,5,1012023103,0,0,0,5,3,MA,11/25/1987,Female,US Citizen,No,White,maternity leave - did not return,Voluntarily Terminated,Fully Meets
253,Smith,54,Single,9/29/2014,,12,30,Production       ,Production Technician II,22,2045,Elijiah,1154,5,1001970770,0,0,1,1,4,MA,10/30/1963,Male,US Citizen,No,White,N/A - still employed,Active,Exceeds
254,Tejeda,64,Married,5/16/2011,7/8/2012,21,30,Production       ,Production Technician II,28.75,2129,Elijiah,419,5,1406068345,1,1,0,5,3,MA,5/24/1953,Female,US Citizen,No,White,Another position,Voluntarily Terminated,Fully Meets
255,Thibaud,42,widowed,6/25/2007,8/30/2010,20,30,Production       ,Production Technician II,23,2472,Webster,1162,5,1011022777,0,4,1,5,3,MA,9/16/1975,Male,US Citizen,No,White,military,Voluntarily Terminated,Fully Meets
256,Trzeciak,32,Single,1/10/2011,7/2/2012,24,30,Production       ,Production Technician II,22,1778,Amy,539,5,1107027551,0,0,0,5,3,MA,3/15/1985,Female,US Citizen,No,White,unhappy,Voluntarily Terminated,Fully Meets
257,Walker,41,Single,8/18/2014,,3,30,Production       ,Production Technician II,22,2459,Ketsia,1196,5,1011022818,0,0,1,1,3,MA,2/10/1976,Male,US Citizen,No,Black or African American,N/A - still employed,Active,Fully Meets
258,Winthrop,59,Single,1/7/2013,2/21/2016,22,30,Production       ,Production Technician II,29,2045,Brannon,1140,5,1405067188,0,0,1,5,4,MA,11/7/1958,Male,US Citizen,No,White,retiring,Voluntarily Terminated,Exceeds
259,Wolk,32,Single,9/29/2014,,3,30,Production       ,Production Technician II,22,2302,David,1154,5,1205033180,0,0,0,1,3,MA,4/20/1985,Female,US Citizen,No,White,N/A - still employed,Active,Fully Meets
260,Woodson,32,Single,7/7/2014,,28,30,Production       ,Production Technician II,24.25,1810,Kissy,1238,5,1012023010,0,0,1,1,3,MA,5/11/1985,Male,US Citizen,No,White,N/A - still employed,Active,Fully Meets
261,Buck,42,Married,9/29/2014,,16,30,Sales,Area Sales Manager,55,2330,Lynn,1154,6,1504073313,1,1,1,1,3,MA,7/7/1975,Male,US Citizen,No,White,N/A - still employed,Active,Fully Meets
262,Bunbury,53,Married,8/15/2011,8/2/2014,8,30,Sales,Area Sales Manager,55,21851,John,1083,6,1504073368,1,1,0,5,3,VA,6/1/1964,Female,Eligible NonCitizen,No,Black or African American,Another position,Voluntarily Terminated,Fully Meets
263,Carter,54,Single,8/18/2014,,12,30,Sales,Area Sales Manager,55,5664,John,1196,6,1403065721,0,0,0,1,3,VT,5/15/1963,Female,US Citizen,No,White,N/A - still employed,Active,Fully Meets
264,Costa,29,Single,1/10/2011,,10,30,Sales,Area Sales Manager,55,90007,Lynn,2512,6,1409070567,0,0,0,1,4,CA,11/8/1988,Female,US Citizen,No,White,N/A - still employed,Active,Exceeds
265,Dietrich,30,Single,2/20/2012,,28,30,Sales,Area Sales Manager,55,98052,John,2106,6,1408069481,0,0,0,1,1,WA,5/14/1987,Female,US Citizen,Yes,White,N/A - still employed,Active,PIP
266,Digitale,29,Married,8/18/2014,,3,30,Sales,Area Sales Manager,56,3062,John,1196,6,1306059197,1,1,1,1,3,NH,9/14/1988,Male,US Citizen,No,American Indian or Alaska Native,N/A - still employed,Active,Fully Meets
267,Fraval,54,Single,9/6/2011,,25,30,Sales,Area Sales Manager,55,6050,Lynn,2273,6,1411071302,0,0,1,1,3,CT,8/28/1963,Male,US Citizen,No,Black or African American,N/A - still employed,Active,Fully Meets
268,Friedman,48,Single,3/7/2011,,25,30,Sales,Area Sales Manager,55.5,10171,John,2456,6,1204032843,0,0,1,1,3,NY,2/24/1969,Male,US Citizen,Yes,Two or more races,N/A - still employed,Active,Fully Meets
269,Gill,46,widowed,7/7/2014,9/5/2015,24,30,Sales,Area Sales Manager,55,43050,John,425,6,1302053046,0,4,0,4,3,OH,7/10/1971,Female,US Citizen,No,Black or African American,attendance,Terminated for Cause,Fully Meets
270,Givens,28,Single,2/16/2015,,6,30,Sales,Area Sales Manager,55,46204,Lynn,1014,6,1203032099,0,0,0,1,0,IN,9/22/1989,Female,US Citizen,No,White,N/A - still employed,Active,90-day meets
271,Ricardo,63,Married,5/12/2014,,30,30,Sales,Area Sales Manager,55.5,83706,John,1294,6,1411071481,1,1,1,1,3,ID,10/12/1954,Male,US Citizen,No,White,N/A - still employed,Active,Fully Meets
272,Guilianno,48,Single,3/7/2011,10/31/2014,11,30,Sales,Area Sales Manager,55,37129,John,1334,6,1001167253,0,0,1,5,3,TN,2/9/1969,Male,US Citizen,No,Two or more races,relocation out of area,Voluntarily Terminated,Fully Meets
273,Jeremy Prater,43,Married,5/12/2014,,23,30,Sales,Area Sales Manager,56,89139,Lynn,1294,6,1001084890,1,1,1,1,1,NV,5/9/1974,Male,US Citizen,No,White,N/A - still employed,Active,PIP
274,Khemmich,38,Single,8/19/2013,,16,30,Sales,Area Sales Manager,55,80820,Lynn,1560,6,1104025008,0,0,1,1,3,CO,11/27/1979,Male,US Citizen,No,White,N/A - still employed,Active,Fully Meets
275,Leruth,29,Separated,4/30/2012,,2,30,Sales,Area Sales Manager,55,84111,John,2036,6,1412071660,0,3,1,1,3,UT,12/27/1988,Male,US Citizen,No,Black or African American,N/A - still employed,Active,Fully Meets
276,Martins,47,Single,5/14/2012,,10,30,Sales,Area Sales Manager,56,78207,Lynn,2022,6,1209048771,0,0,1,1,3,TX,6/11/1970,Male,Eligible NonCitizen,No,Black or African American,N/A - still employed,Active,Fully Meets
277,McKinzie,33,Married,7/6/2016,,4,30,Sales,Area Sales Manager,55,78789,Lynn,508,6,1209049326,1,1,1,2,9,TX,7/1/1984,Male,US Citizen,No,Two or more races,N/A - Has not started yet,Future Start,N/A- too early to review
278,Mullaney,42,Single,9/29/2014,,4,30,Sales,Area Sales Manager,55,36006,John,1154,6,1306057978,0,0,1,1,2,AL,11/2/1975,Male,US Citizen,No,Two or more races,N/A - still employed,Active,Needs Improvement
279,Nguyen,28,Single,7/8/2013,,16,30,Sales,Area Sales Manager,55,30428,Lynn,1602,6,1111030684,0,0,0,1,3,GA,3/31/1989,Female,US Citizen,No,Two or more races,N/A - still employed,Active,Fully Meets
280,Onque,27,Single,9/30/2013,,6,30,Sales,Area Sales Manager,57,33174,Lynn,1518,6,1501072180,0,0,0,1,3,FL,5/11/1990,Female,US Citizen,Yes,White,N/A - still employed,Active,Fully Meets
281,Ozark,35,Single,1/5/2015,,9,30,Sales,Area Sales Manager,55,27229,John,1056,6,812011761,0,0,1,1,0,NC,5/19/1982,Male,US Citizen,No,White,N/A - still employed,Active,90-day meets
282,Potts,29,Married,1/9/2012,,15,30,Sales,Area Sales Manager,55,40220,Lynn,2148,6,1102024106,1,1,0,1,3,KY,8/29/1988,Female,US Citizen,No,Black or African American,N/A - still employed,Active,Fully Meets
283,Riordan,50,Separated,1/9/2006,,29,30,Sales,Area Sales Manager,55,58782,Lynn,4339,6,1502072711,0,3,1,1,4,ND,1/15/1968,Male,US Citizen,No,White,N/A - still employed,Active,Exceeds
284,Strong,28,Married,9/27/2010,,0,30,Sales,Area Sales Manager,54,59102,John,2617,6,1411071295,1,1,0,1,3,MT,5/12/1989,Female,US Citizen,No,Black or African American,N/A - still employed,Active,Fully Meets
285,Terry,52,Single,9/29/2014,,1,30,Sales,Area Sales Manager,55,97756,Lynn,1154,6,1401064637,0,0,0,1,3,OR,5/7/1965,Female,US Citizen,No,Black or African American,N/A - still employed,Active,Fully Meets
286,Valentin,26,Married,7/5/2011,,18,30,Sales,Area Sales Manager,55,85006,John,2336,6,1312063714,1,1,0,1,3,AZ,5/23/1991,Female,US Citizen,No,Two or more races,N/A - still employed,Active,Fully Meets
287,Villanueva,28,Single,3/5/2012,,14,30,Sales,Area Sales Manager,56,4063,John,2092,6,1111030503,0,0,1,1,3,ME,7/11/1989,Male,US Citizen,No,Asian,N/A - still employed,Active,Fully Meets
288,Houlihan,51,Married,5/5/2014,,11,30,Sales,Director of Sales,60,2908,Janet,1301,6,1009021646,1,1,0,1,3,RI,3/17/1966,Female,US Citizen,No,White,N/A - still employed,Active,Fully Meets
289,Daneault,27,Single,5/5/2014,,13,30,Sales,Sales Manager,54,5473,Debra,1301,6,1402065303,0,0,0,1,3,VT,4/19/1990,Female,US Citizen,No,White,N/A - still employed,Active,Fully Meets
290,Kampew,28,Single,11/7/2011,4/24/2014,19,30,Sales,Sales Manager,60.25,19444,Debra,899,6,1109029264,0,0,0,5,3,PA,11/11/1989,Female,US Citizen,No,White,maternity leave - did not return,Voluntarily Terminated,Fully Meets
291,Smith,33,Divorced,5/18/2014,,24,30,Sales,Sales Manager,56,1886,Debra,1288,6,1499902910,0,2,1,1,2,MA,8/16/1984,Male,US Citizen,No,Black or African American,N/A - still employed,Active,Needs Improvement
292,Andreola,38,Single,11/10/2014,,12,30,Software Engineering,Software Engineer,47.6,2110,Alex,1112,4,1107027358,0,0,0,1,3,MA,5/24/1979,Female,US Citizen,No,White,N/A - still employed,Active,Fully Meets
293,Carabbio,30,Single,11/11/2013,,17,30,Software Engineering,Software Engineer,56,2132,Alex,1476,4,1101023577,0,0,0,1,0,MA,4/5/1987,Female,US Citizen,No,White,N/A - still employed,Active,90-day meets
294,Del Bosque,38,Single,1/9/2012,,15,30,Software Engineering,Software Engineer,57.12,2176,Alex,2148,4,1203032498,0,0,0,1,0,MA,7/5/1979,Female,US Citizen,No,Black or African American,N/A - still employed,Active,90-day meets
295,Exantus,30,Married,5/2/2011,6/5/2013,7,30,Software Engineering,Software Engineer,48.5,1749,Alex,765,4,1401064670,1,1,0,4,2,MA,5/15/1987,Female,US Citizen,No,Black or African American,attendance,Terminated for Cause,Needs Improvement
296,Martin,30,Separated,11/11/2013,,25,30,Software Engineering,Software Engineer,55.51,2135,Alex,1476,4,1303054625,0,0,0,1,3,MA,11/7/1987,Female,US Citizen,No,Asian,N/A - still employed,Active,Fully Meets
297,Patronick,38,Single,11/7/2011,9/7/2015,7,30,Software Engineering,Software Engineer,52.25,1844,Alex,1400,4,1112030979,0,0,1,5,4,MA,2/20/1979,Male,US Citizen,No,Asian,Another position,Voluntarily Terminated,Exceeds
298,Saada,31,Married,11/5/2012,,24,30,Software Engineering,Software Engineer,49.25,2132,Alex,1847,4,1012023185,1,1,0,1,3,MA,7/24/1986,Female,US Citizen,No,White,N/A - still employed,Active,Fully Meets
299,Szabo,34,Single,7/7/2014,,23,30,Software Engineering,Software Engineer,48,2140,Alex,1238,4,1201031324,0,0,1,1,5,MA,5/6/1983,Male,US Citizen,No,White,N/A - still employed,Active,Exceptional
300,TRUE,34,Single,2/18/2013,4/15/2014,11,30,Software Engineering,Software Engineer,45.42,2451,Alex,421,4,1102024057,0,0,1,5,3,MA,6/14/1983,Male,Non-Citizen,No,Black or African American,medical issues,Voluntarily Terminated,Fully Meets
301,Sweetwater,51,Single,8/15/2011,,26,30,Software Engineering     ,Software Engineering Manager,27,2184,Jennifer,2295,4,1001644719,0,0,1,1,3,MA,11/22/1966,Male,US Citizen,No,White,N/A - still employed,Active,Fully Meets
,Champaigne,,,,,,,,,,2045,Jennifer,446,3,1009919920,1,1,1,1,3,MA,2/9/1972,Male,US Citizen,No,White,N/A - still employed,Active,Fully Meets
,Le,,,,,,,,,,1886,Brian,420,3,1009919930,0,0,0,1,3,MA,6/14/1987,Female,US Citizen,No,Asian,N/A - still employed,Active,Fully Meets
,Rachael,,,,,,,,,,2110,Brian,420,3,1009919940,1,1,0,1,3,MA,5/12/1980,Female,US Citizen,No,Black or African American,N/A - still employed,Active,Fully Meets
,Roper,,,,,,,,,,2056,Brian,323,3,1009919950,0,0,0,1,3,MA,11/21/1972,Female,US Citizen,No,Black or African American,N/A - still employed,Active,Fully Meets
,Navathe,,,,,,,,,,2056,Brian,289,3,1009919960,0,0,1,1,3,MA,4/25/1970,Male,US Citizen,No,Asian,N/A - still employed,Active,Fully Meets
,Wang,,,,,,,,,,1887,Brian,284,3,1009919970,0,0,1,1,3,MA,7/8/1981,Male,US Citizen,No,Asian,N/A - still employed,Active,Fully Meets
,Smith,,,,,,,,,,2045,Brian,284,3,1009919980,0,0,1,1,3,MA,9/4/1983,Male,US Citizen,No,White,N/A - still employed,Active,Fully Meets
,Westinghouse,,,,,,,,,,2134,Brian,220,3,1009919990,1,1,1,1,3,MA,10/24/1987,Male,US Citizen,No,White,N/A - still employed,Active,Fully Meets
,Hubert,,,,,,,,,,2134,Brian,220,3,1009920000,1,1,1,1,3,MA,6/30/1989,Male,US Citizen,No,Black or African American,N/A - still employed,Active,Fully Meets
